{
  "data_asset_type": null,
  "expectation_suite_name": "file_two",
  "expectations": [
    {
      "expectation_type": "expect_column_values_to_be_in_set",
      "kwargs": {
        "column": "AccountID",
        "value_set": [
          {
            "$PARAMETER": "urn:great_expectations:validations:first_file:expect_column_distinct_values_to_contain_set.result.observed_value"
          }
        ]
      },
      "meta": {}
    }
  ],
  "ge_cloud_id": null,
  "meta": {
    "citations": [
      {
        "batch_request": {
          "data_asset_name": "Book2.csv",
          "data_connector_name": "default_inferred_data_connector_name",
          "datasource_name": "my_datasource",
          "limit": 1000
        },
        "citation_date": "2022-10-14T08:46:16.604865Z",
        "comment": "Created suite added via CLI"
      }
    ],
    "great_expectations_version": "0.15.26"
  }
}