{
  "evaluation_parameters": {},
  "meta": {
    "active_batch_definition": {
      "batch_identifiers": {},
      "data_asset_name": "Book2.csv",
      "data_connector_name": "default_inferred_data_connector_name",
      "datasource_name": "my_datasource"
    },
    "batch_markers": {
      "ge_load_time": "20221014T084631.124925Z",
      "pandas_data_fingerprint": "4acfd6e6c2001bc95ed5d7d9d6f1f1ee"
    },
    "batch_spec": {
      "path": "d:\\Code\\GE\\two_files\\great_expectations\\..\\data\\Book2.csv"
    },
    "checkpoint_id": null,
    "checkpoint_name": "Book2.csv_file_two",
    "expectation_suite_name": "file_two",
    "great_expectations_version": "0.15.26",
    "run_id": {
      "run_name": null,
      "run_time": "2022-10-14T11:46:31.118928+00:00"
    },
    "validation_id": null,
    "validation_time": "20221014T084631.175890Z"
  },
  "results": [],
  "statistics": {
    "evaluated_expectations": 0,
    "success_percent": null,
    "successful_expectations": 0,
    "unsuccessful_expectations": 0
  },
  "success": true
}