{
  "evaluation_parameters": {},
  "meta": {
    "active_batch_definition": {
      "batch_identifiers": {},
      "data_asset_name": "Book2.csv",
      "data_connector_name": "default_inferred_data_connector_name",
      "datasource_name": "my_datasource"
    },
    "batch_markers": {
      "ge_load_time": "20221014T090609.631356Z",
      "pandas_data_fingerprint": "4acfd6e6c2001bc95ed5d7d9d6f1f1ee"
    },
    "batch_spec": {
      "path": "d:\\Code\\GE\\two_files\\great_expectations\\..\\data\\Book2.csv"
    },
    "checkpoint_id": null,
    "checkpoint_name": "Book2.csv_file_two",
    "expectation_suite_name": "file_two",
    "great_expectations_version": "0.15.26",
    "run_id": {
      "run_name": null,
      "run_time": "2022-10-14T12:06:09.627354+00:00"
    },
    "validation_id": null,
    "validation_time": "20221014T090609.679398Z"
  },
  "results": [
    {
      "exception_info": {
        "exception_message": null,
        "exception_traceback": null,
        "raised_exception": false
      },
      "expectation_config": {
        "expectation_type": "expect_column_values_to_be_in_set",
        "kwargs": {
          "batch_id": "1c1a2df14fc2de285cdd76d9f5813665",
          "column": "AccountID",
          "value_set": [
            "ABC",
            "RE233"
          ]
        },
        "meta": {}
      },
      "meta": {},
      "result": {
        "element_count": 3,
        "missing_count": 0,
        "missing_percent": 0.0,
        "partial_unexpected_counts": [
          {
            "count": 1,
            "value": "98DSS"
          }
        ],
        "partial_unexpected_index_list": null,
        "partial_unexpected_list": [
          "98DSS"
        ],
        "unexpected_count": 1,
        "unexpected_percent": 33.33333333333333,
        "unexpected_percent_nonmissing": 33.33333333333333,
        "unexpected_percent_total": 33.33333333333333
      },
      "success": false
    }
  ],
  "statistics": {
    "evaluated_expectations": 1,
    "success_percent": 0.0,
    "successful_expectations": 0,
    "unsuccessful_expectations": 1
  },
  "success": false
}