{
  "evaluation_parameters": {},
  "meta": {
    "active_batch_definition": {
      "batch_identifiers": {},
      "data_asset_name": "Book2.csv",
      "data_connector_name": "default_inferred_data_connector_name",
      "datasource_name": "my_datasource"
    },
    "batch_markers": {
      "ge_load_time": "20221014T090456.554291Z",
      "pandas_data_fingerprint": "4acfd6e6c2001bc95ed5d7d9d6f1f1ee"
    },
    "batch_spec": {
      "path": "d:\\Code\\GE\\two_files\\great_expectations\\..\\data\\Book2.csv"
    },
    "checkpoint_id": null,
    "checkpoint_name": "file_one_check",
    "expectation_suite_name": "file_one",
    "great_expectations_version": "0.15.26",
    "run_id": {
      "run_name": "20221014-120456-my-run-name-template",
      "run_time": "2022-10-14T12:04:56.549291+00:00"
    },
    "validation_id": null,
    "validation_time": "20221014T090456.605292Z"
  },
  "results": [
    {
      "exception_info": {
        "exception_message": null,
        "exception_traceback": null,
        "raised_exception": false
      },
      "expectation_config": {
        "expectation_type": "expect_column_values_to_be_unique",
        "kwargs": {
          "batch_id": "1c1a2df14fc2de285cdd76d9f5813665",
          "column": "AccountID"
        },
        "meta": {}
      },
      "meta": {},
      "result": {
        "element_count": 3,
        "missing_count": 0,
        "missing_percent": 0.0,
        "partial_unexpected_counts": [],
        "partial_unexpected_index_list": null,
        "partial_unexpected_list": [],
        "unexpected_count": 0,
        "unexpected_percent": 0.0,
        "unexpected_percent_nonmissing": 0.0,
        "unexpected_percent_total": 0.0
      },
      "success": true
    },
    {
      "exception_info": {
        "exception_message": null,
        "exception_traceback": null,
        "raised_exception": false
      },
      "expectation_config": {
        "expectation_type": "expect_column_distinct_values_to_contain_set",
        "kwargs": {
          "batch_id": "1c1a2df14fc2de285cdd76d9f5813665",
          "column": "AccountID",
          "value_set": []
        },
        "meta": {}
      },
      "meta": {},
      "result": {
        "details": {
          "value_counts": [
            {
              "count": 1,
              "value": "98DSS"
            },
            {
              "count": 1,
              "value": "ABC"
            },
            {
              "count": 1,
              "value": "RE233"
            }
          ]
        },
        "observed_value": [
          "98DSS",
          "ABC",
          "RE233"
        ]
      },
      "success": true
    }
  ],
  "statistics": {
    "evaluated_expectations": 2,
    "success_percent": 100.0,
    "successful_expectations": 2,
    "unsuccessful_expectations": 0
  },
  "success": true
}