{
  "evaluation_parameters": {},
  "meta": {
    "active_batch_definition": {
      "batch_identifiers": {},
      "data_asset_name": "Book1.csv",
      "data_connector_name": "default_inferred_data_connector_name",
      "datasource_name": "my_datasource"
    },
    "batch_markers": {
      "ge_load_time": "20221014T083353.210098Z",
      "pandas_data_fingerprint": "a8cb306613604efd5c6099f05086ffc0"
    },
    "batch_spec": {
      "path": "d:\\Code\\GE\\two_files\\great_expectations\\..\\data\\Book1.csv"
    },
    "checkpoint_id": null,
    "checkpoint_name": "Book1.csv_file_one",
    "expectation_suite_name": "file_one",
    "great_expectations_version": "0.15.26",
    "run_id": {
      "run_name": null,
      "run_time": "2022-10-14T11:33:53.202097+00:00"
    },
    "validation_id": null,
    "validation_time": "20221014T083353.255837Z"
  },
  "results": [
    {
      "exception_info": {
        "exception_message": null,
        "exception_traceback": null,
        "raised_exception": false
      },
      "expectation_config": {
        "expectation_type": "expect_column_values_to_be_unique",
        "kwargs": {
          "batch_id": "582e39e1156f1a58058e1dc76bd649ee",
          "column": "AccountID"
        },
        "meta": {}
      },
      "meta": {},
      "result": {
        "element_count": 2,
        "missing_count": 0,
        "missing_percent": 0.0,
        "partial_unexpected_counts": [],
        "partial_unexpected_index_list": null,
        "partial_unexpected_list": [],
        "unexpected_count": 0,
        "unexpected_percent": 0.0,
        "unexpected_percent_nonmissing": 0.0,
        "unexpected_percent_total": 0.0
      },
      "success": true
    }
  ],
  "statistics": {
    "evaluated_expectations": 1,
    "success_percent": 100.0,
    "successful_expectations": 1,
    "unsuccessful_expectations": 0
  },
  "success": true
}